{
    "iterations": 26356,
    "dfs_time": 13.430248552,
    "bfs_time": 2.241081918999999,
    "search": "test"
}